,IMDB_CCA_pca_30_5_pairs_0,Citeseer_CLL_pca_30,Citeseer_None_pca_64CONV,DBLP_None_pca_32TRI,Pubmed_CLL_new_pca_300,Citeseer_AUTO_pca_30,ACM_CCA_pca_30_5_pairs_0,Cora_None_pca_64TRI,Citeseer_CLNL_pca_30,IMDB_AUTO_new_pca_300,ACM_None_pca_32zscore,IMDB_None_pca_32TRI,ACM_AUTO_pca_30_5_pairs_0,DBLP_AUTO_new_pca_300,Citeseer_CCA_pca_300,Cora_None_pca_64zscore,Pubmed_TRI_new_pca_300,DBLP_None_pca_32zscore,Citeseer_None_pca_64TRI,Pubmed_CONV_new_pca_300,Cora_CLL_0,Cora_None_pca_64CONV,ACM_CLL_pca_30_5_pairs_0,ACM_CLNL_pca_30_5_pairs_0,DBLP_CCA_pca_30_5_pairs_0,ACM_AUTO_new_pca_300,Cora_CLNL_0,DBLP_CLNL_pca_30,Pubmed_zscore_new_pca_300,IMDB_CLL_pca_30_5_pairs_0,Cora_CCA_0,Pubmed_AUTO_new_pca_300,IMDB_None_pca_32zscore,Citeseer_None_pca_64zscore,output_5_pairs_runs.log,Cora_None_TRI,Pubmed_CLNL_new_pca_300,Cora_None_CONV,ACM_None_pca_32TRI,Cora_None_zscore,DBLP_AUTO_pca_30_5_pairs_0,ratio,Pubmed_CCA_new_pca_300,DBLP_CLL_pca_30_5_pairs_0,IMDB_AUTO_pca_30_5_pairs_0,Cora_AUTO_0,IMDB_CLNL_pca_30_5_pairs_0
0,"[0.5874065554916619, 0.5776308223116734, 0.5750431282346176]","[0.654, 0.629, 0.626]",,,,"[0.686, 0.613, 0.612]",,,"[0.629, 0.635, 0.654]",,,,,,,,,,,,,,,,,,,"[0.8213079521031624, 0.8167024869511821, 0.8228431071538226]",,,,,,,,,,,,,,1.0,,,"[0.5914318573893041, 0.5807935595169638, 0.5948821161587119]",,
1,"[0.5402530189764232, 0.5480161012075906, 0.5529039677975848]","[0.64, 0.647, 0.644]",,,,"[0.573, 0.589, 0.628]",,,"[0.605, 0.638, 0.633]",,,,,,,,,,,,,,,,,,,"[0.7964384402824686, 0.7798587657353393, 0.7731040835124348]",,,,,,,,,,,,,,0.5,,,"[0.5169637722829212, 0.5201265094882116, 0.5172512938470385]",,
2,"[0.48188614146060954, 0.48763657274295574, 0.4936745255894192]","[0.603, 0.62, 0.595]",,,,"[0.547, 0.571, 0.574]",,,"[0.666, 0.611, 0.606]",,,,,,,,,,,,,,,,,,,"[0.775867362603623, 0.776481424623887, 0.7955173472520725]",,,,,,,,,,,,,,0.3,,,"[0.49769982748706154, 0.516676250718804, 0.5103507763082231]",,
3,"[0.3818286371477861, 0.44939620471535363, 0.46549741230592295]","[0.577, 0.639, 0.61]",,,,"[0.472, 0.484, 0.452]",,,"[0.713, 0.651, 0.65]",,,,,,,,,,,,,,,,,,,"[0.5422167638931532, 0.5581823764200184, 0.7169174086582745]",,,,,,,,,,,,,,0.1,,,"[0.36026451983898794, 0.3634272570442783, 0.36774008050603796]",,
